<!DOCTYPE mapper
        PUBLIC "-//mybatis.org//DTD Mapper 3.0//EN"
        "http://mybatis.org/dtd/mybatis-3-mapper.dtd">

<mapper namespace="net.softsociety.issho.member.dao.MemberDAO">

	<!-- 멤버 목록 -->
	<select id="listMembers" parameterType="Map" resultType="Members">
	select
		memb_mail
		,memb_name
		,memb_ogFile
		,memb_savedFile
		,memb_work
		,memb_phone
		,rolename
	from members
	<where>
	<if test="searchWord != null">
		memb_name like '%' || #{searchWord} || '%'	
	</if>
	</where>
	order by 
		1 desc
	</select>

	<!-- 멤버 검색 -->
	<select id="getUserById" parameterType="String" resultType="Members">
		SELECT *
		FROM members
		WHERE memb_mail = #{memb_mail}
	</select>
	
	<select id="idSearchOne" parameterType="String" resultType="int">
		SELECT COUNT(*)
		FROM members
		WHERE memb_mail = #{memb_mail}
	</select>
	
	<select id="getProjectMemById" parameterType="String" resultType="ProjectMember">
		SELECT *
		FROM projectmember
		WHERE memb_mail = #{memb_mail} AND prj_domain = #{prj_domain}
	</select>

	<!-- 회원가입 -->
	<insert id="memberJoin" parameterType="Members">
		INSERT INTO members(memb_mail, memb_name, memb_pwd,
		<if test="memb_ogfile != null and memb_ogfile != ''">
			memb_ogfile, memb_savedfile,
		</if>
		memb_work, memb_phone, enabled)
		VALUES(#{memb_mail}, #{memb_name},
		#{memb_pwd},
		<if test="memb_ogfile != null and memb_ogfile != ''">
			#{memb_ogfile}, #{memb_savedfile},
		</if>
		#{memb_work}, #{memb_phone}, 1)
	</insert>
	
	<!-- 관리자 페이지에서 해당멤버 프로젝트 탈퇴 -->
	<delete id="deleteMember" parameterType="String">
		DELETE FROM projectmember
		where
		memb_mail=#{memb_mail}
	</delete>

	<!-- 프로젝트멤버 리스트 -->
	<select id="searchPjMem" parameterType="String"
		resultType="Members">
		SELECT m.memb_mail as memb_mail, m.memb_name as memb_name,
		m.memb_ogfile as memb_ogfile, m.memb_savedfile as memb_savedfile,
		m.memb_work as memb_work, m.memb_phone as memb_phone, p.prj_domain as
		prj_domain, p.pjmb_right as pjmb_right
		FROM members m, projectmember p
		WHERE p.memb_mail = m.memb_mail AND p.prj_domain = #{prj_domain}
	</select>

	<!-- 아이디와 이름으로 멤버 검색 -->
	<select id="memSearchByIdName" parameterType="String" resultType="Members">
		SELECT * FROM members
		WHERE memb_mail LIKE '%' || #{searchWord} || '%'
		OR memb_name LIKE '%' || #{searchWord} || '%'
	</select>
	
	
	

</mapper>
